_0003,_0001,"1.OC_VideoPlaybackStudy"
_0004,_0002,"2.OC_SectionIT"
_0005,_0003,"3.OC_Puzzle"
_0006,_0004,"4.OC_Th2"
_0007,_0005,"5.OC_Sm2"
_0008,_0006,"6.OC_Th2"
_0009,_0007,"7.OC_Puzzle"
_0010,_0008,"8.OC_Th2"
_0011,_0009,"9.OC_Sm2"
_0012,_0010,"10.OC_Th2"
_0013,_0011,"11.OC_ReadingReadToMeNTx.xr-redball"
_0014,_0012,"12.OC_ReadingReadToMeNTx.xr-redball"
_0015,_0013,"13.OC_Sorting_S1"
_0016,_0014,"14.OC_Sorting_S2"
_0017,_0015,"15.OC_Sorting_S3"
_0019,_0016,"16.OC_VideoPlaybackStudy"
_0020,_0017,"17.OC_SectionIT"
_0021,_0018,"18.OC_Puzzle"
_0022,_0019,"19.OC_Th2"
_0023,_0020,"20.OC_Th2"
_0024,_0021,"21.OC_Mgp"
_0025,_0022,"22.OC_LetterTrace"
_0026,_0023,"23.OC_WordAudioRec"
_0027,_0024,"24.OC_Puzzle"
_0028,_0025,"25.OC_Hw1"
_0029,_0026,"26.OC_Sm3a"
_0030,_0027,"27.OC_ReadingReadToMeNTx.xr-averytallman"
_0031,_0028,"28.OC_ReadingReadToMeNTx.xr-averytallman"
_0032,_0029,"29.OC_Sorting_S4"
_0033,_0030,"30.OC_Sorting_S5"
_0035,_0031,"31.OC_VideoPlaybackStudy"
_0036,_0032,"32.OC_SectionIT"
_0037,_0033,"33.OC_LetterTrace"
_0038,_0034,"34.OC_Hw1"
_0039,_0035,"35.OC_Puzzle"
_0040,_0036,"36.OC_Th2"
_0041,_0037,"37.OC_Mgp"
_0042,_0038,"38.OC_LetterTrace"
_0043,_0039,"39.OC_WordAudioRec"
_0044,_0040,"40.OC_Puzzle"
_0045,_0041,"41.OC_Hw1"
_0046,_0042,"42.OC_ReadingReadToMeNTx.xr-bestfriend"
_0047,_0043,"43.OC_ReadingReadToMeNTx.xr-bestfriend"
_0048,_0044,"44.OC_CountingTo3_S1"
_0049,_0045,"45.OC_CountingTo3_S2"
_0051,_0046,"46.OC_VideoPlaybackStudy"
_0052,_0047,"47.OC_SectionIT"
_0053,_0048,"48.OC_LetterTrace"
_0054,_0049,"49.OC_Hw1"
_0055,_0050,"50.OC_Th2"
_0056,_0051,"51.OC_Mgp"
_0057,_0052,"52.OC_LetterTrace"
_0058,_0053,"53.OC_WordAudioRec"
_0059,_0054,"54.OC_Puzzle"
_0060,_0055,"55.OC_Hw1"
_0061,_0056,"56.OC_Lg1"
_0062,_0057,"57.OC_ReadingReadToMeNTx.xr-someonelikeme"
_0063,_0058,"58.OC_ReadingReadToMeNTx.xr-someonelikeme"
_0064,_0059,"59.OC_CountingTo3_S3"
_0065,_0060,"60.OC_CountingTo3_S4"
_0068,_0061,"61.OC_Sm2"
_0069,_0062,"62.OC_Th2"
_0070,_0063,"63.OC_Hw1"
_0071,_0064,"64.OC_Hw1"
_0072,_0065,"65.OC_Hw1"
_0073,_0066,"66.OC_Puzzle"
_0074,_0067,"67.OC_Lg1"
_0075,_0068,"68.OC_WordAudioRec"
_0076,_0069,"69.OC_Sm3a"
_0077,_0070,"70.OC_ReadingReadToMeNTx.xr-littlesock"
_0078,_0071,"71.OC_ReadingReadToMeNTx.xr-littlesock"
_0079,_0072,"72.OC_Sorting_S6"
_0080,_0073,"73.OC_Sorting_S7"
_0081,_0074,"74.OC_CountingTo3_S4"
_0082,_0075,"75.OC_CountingTo3_S5"
_0084,_0076,"76.OC_Th2"
_0085,_0077,"77.OC_Th2"
_0086,_0078,"78.OC_Sm2"
_0087,_0079,"79.OC_Mgp"
_0088,_0080,"80.OC_LetterTrace"
_0089,_0081,"81.OC_WordAudioRec"
_0090,_0082,"82.OC_Puzzle"
_0091,_0083,"83.OC_Hw1"
_0092,_0084,"84.OC_Sm3a"
_0093,_0085,"85.OC_ReadingReadToMeNTx.xr-myfriends"
_0094,_0086,"86.OC_ReadingReadToMeNTx.xr-myfriends"
_0095,_0087,"87.OC_CountingTo3_S3"
_0096,_0088,"88.OC_CountingTo3_S4"
_0097,_0089,"89.OC_CountingTo3_S6"
_0098,_0090,"90.OC_CountingTo3_S7"
_0100,_0091,"91.OC_LetterTrace"
_0101,_0092,"92.OC_Hw1"
_0102,_0093,"93.OC_Mgp"
_0103,_0094,"94.OC_LetterTrace"
_0104,_0095,"95.OC_WordAudioRec"
_0105,_0096,"96.OC_Puzzle"
_0106,_0097,"97.OC_Hw1"
_0107,_0098,"98.OC_Sm3a"
_0108,_0099,"99.OC_Lg1"
_0109,_0100,"100.OC_TalkingHead"
_0110,_0101,"101.OC_ReadingReadToMeNTx.xr-millipedesboots"
_0111,_0102,"102.OC_ReadingReadToMeNTx.xr-millipedesboots"
_0112,_0103,"103.OC_Patterns_S1"
_0113,_0104,"104.OC_Patterns_S2"
_0114,_0105,"105.OC_Patterns_S3"
_0116,_0106,"106.OC_Th2"
_0117,_0107,"107.OC_Th2"
_0118,_0108,"108.OC_LetterTrace"
_0119,_0109,"109.OC_Hw1"
_0120,_0110,"110.OC_Mgp"
_0121,_0111,"111.OC_LetterTrace"
_0122,_0112,"112.OC_WordAudioRec"
_0123,_0113,"113.OC_Puzzle"
_0124,_0114,"114.OC_Hw1"
_0125,_0115,"115.OC_Sm3a"
_0126,_0116,"116.OC_Lg1"
_0127,_0117,"117.OC_ReadingReadToMeNTx.xr-allthethings"
_0128,_0118,"118.OC_ReadingReadToMeNTx.xr-allthethings"
_0129,_0119,"119.OC_Patterns_S4"
_0130,_0120,"120.OC_Patterns_S5"
_0133,_0121,"121.OC_VideoPlaybackStudy"
_0134,_0122,"122.OC_Th2"
_0135,_0123,"123.OC_Th2"
_0136,_0124,"124.OC_Hw1"
_0137,_0125,"125.OC_Hw1"
_0138,_0126,"126.OC_Hw1"
_0139,_0127,"127.OC_Puzzle"
_0140,_0128,"128.OC_WordAudioRec"
_0141,_0129,"129.OC_Sm3a"
_0142,_0130,"130.OC_Lg1"
_0143,_0131,"131.OC_TalkingHead"
_0144,_0132,"132.OC_ReadingReadToMeNTx.xr-myhome"
_0145,_0133,"133.OC_ReadingReadToMeNTx.xr-myhome"
_0146,_0134,"134.OC_Patterns_S6"
_0147,_0135,"135.OC_Patterns_S7"
_0149,_0136,"136.OC_MakeSylWord"
_0150,_0137,"137.OC_Mwyh1"
_0151,_0138,"138.OC_Lg1"
_0152,_0139,"139.OC_Lg1"
_0153,_0140,"140.OC_WordVideoRec"
_0154,_0141,"141.OC_MakeSylWord"
_0155,_0142,"142.OC_Mwyh1"
_0156,_0143,"143.OC_Lg1"
_0157,_0144,"144.OC_WordAudioRec"
_0158,_0145,"145.OC_WordVideoRec"
_0159,_0146,"146.OC_Hw2"
_0160,_0147,"147.OC_ReadingReadToMeNTx.xr-thelostcows"
_0161,_0148,"148.OC_ReadingReadToMeNTx.xr-thelostcows"
_0162,_0149,"149.OC_Counting4To6_S1"
_0163,_0150,"150.OC_Counting4To6_S2"
_0165,_0151,"151.OC_Th2"
_0166,_0152,"152.OC_Sm2"
_0167,_0153,"153.OC_MakeSylWord"
_0168,_0154,"154.OC_Mwyh1"
_0169,_0155,"155.OC_Crdp"
_0170,_0156,"156.OC_WordAudioRec"
_0171,_0157,"157.OC_WordVideoRec"
_0172,_0158,"158.OC_Lg1"
_0173,_0159,"159.OC_Crdw"
_0174,_0160,"160.OC_Hw2"
_0175,_0161,"161.OC_ReadingReadToMeNTx.xr-football"
_0176,_0162,"162.OC_ReadingReadToMeNTx.xr-football"
_0177,_0163,"163.OC_Counting4To6_S2"
_0178,_0164,"164.OC_Counting4To6_S3"
_0179,_0165,"165.OC_Counting4To6_S4"
_0181,_0166,"166.OC_Lg1"
_0182,_0167,"167.OC_Lg1"
_0183,_0168,"168.OC_Puzzle"
_0184,_0169,"169.OC_TalkingHead"
_0185,_0170,"170.OC_Th2"
_0186,_0171,"171.OC_WordAudioRec"
_0187,_0172,"172.OC_WordVideoRec"
_0188,_0173,"173.OC_Crdw"
_0189,_0174,"174.OC_Hw2"
_0190,_0175,"175.OC_Sm3b"
_0191,_0176,"176.OC_Wm1"
_0192,_0177,"177.OC_ReadingReadToMeNTx.xr-ourfamily"
_0193,_0178,"178.OC_ReadingReadToMeNTx.xr-ourfamily"
_0194,_0179,"179.OC_Counting4To6_S4"
_0195,_0180,"180.OC_Counting4To6_S5"
_0198,_0181,"181.OC_Th2"
_0199,_0182,"182.OC_Sm2"
_0200,_0183,"183.OC_Lg1"
_0201,_0184,"184.OC_Mgp"
_0202,_0185,"185.OC_LetterTrace"
_0203,_0186,"186.OC_WordAudioRec"
_0204,_0187,"187.OC_Puzzle"
_0205,_0188,"188.OC_Hw1"
_0206,_0189,"189.OC_Sm3a"
_0207,_0190,"190.OC_ReadingReadToMeNTx.xr-rain"
_0208,_0191,"191.OC_ReadingReadToMeNTx.xr-rain"
_0209,_0192,"192.OC_Sorting_S7"
_0210,_0193,"193.OC_Counting4To6_S4"
_0211,_0194,"194.OC_Counting4To6_S5"
_0212,_0195,"195.OC_Counting4To6_S6"
_0214,_0196,"196.OC_Sm2"
_0215,_0197,"197.OC_Th2"
_0216,_0198,"198.OC_LetterTrace"
_0217,_0199,"199.OC_Hw1"
_0218,_0200,"200.OC_Mgp"
_0219,_0201,"201.OC_LetterTrace"
_0220,_0202,"202.OC_WordAudioRec"
_0221,_0203,"203.OC_Puzzle"
_0222,_0204,"204.OC_Hw1"
_0223,_0205,"205.OC_Lg1"
_0224,_0206,"206.OC_ReadingReadToMeNTx.xr-dayzoo"
_0225,_0207,"207.OC_ReadingReadToMeNTx.xr-dayzoo"
_0226,_0208,"208.OC_Counting4To6_S4"
_0227,_0209,"209.OC_Counting4To6_S6"
_0228,_0210,"210.OC_Counting4To6_S7"
_0230,_0211,"211.OC_Th2"
_0231,_0212,"212.OC_Lg1"
_0232,_0213,"213.OC_LetterTrace"
_0233,_0214,"214.OC_Hw1"
_0234,_0215,"215.OC_Mgp"
_0235,_0216,"216.OC_LetterTrace"
_0236,_0217,"217.OC_WordAudioRec"
_0237,_0218,"218.OC_Puzzle"
_0238,_0219,"219.OC_Hw1"
_0239,_0220,"220.OC_Lg1"
_0240,_0221,"221.OC_Sm3a"
_0241,_0222,"222.OC_ReadingReadToMeNTx.xr-malookaloo"
_0242,_0223,"223.OC_ReadingReadToMeNTx.xr-malookaloo"
_0243,_0224,"224.OC_Counting7To10_S1"
_0244,_0225,"225.OC_Counting7To10_S2"
_0246,_0226,"226.OC_Th2"
_0247,_0227,"227.OC_Sm2"
_0248,_0228,"228.OC_LetterTrace"
_0249,_0229,"229.OC_Hw1"
_0250,_0230,"230.OC_Hw1"
_0251,_0231,"231.OC_Hw1"
_0252,_0232,"232.OC_Puzzle"
_0253,_0233,"233.OC_Lg1"
_0254,_0234,"234.OC_Grid33S"
_0255,_0235,"235.OC_WordAudioRec"
_0256,_0236,"236.OC_Sm3a"
_0257,_0237,"237.OC_ReadingReadToMeNTx.xr-funwithpaint"
_0258,_0238,"238.OC_ReadingReadToMeNTx.xr-funwithpaint"
_0259,_0239,"239.OC_Counting7To10_S3"
_0260,_0240,"240.OC_Counting7To10_S4"
_0263,_0241,"241.OC_VideoPlaybackStudy"
_0264,_0242,"242.OC_Lg1"
_0265,_0243,"243.OC_MakeSylWord"
_0266,_0244,"244.OC_Mwyh1"
_0267,_0245,"245.OC_Crdw"
_0268,_0246,"246.OC_WordAudioRec"
_0269,_0247,"247.OC_WordVideoRec"
_0270,_0248,"248.OC_Hw2"
_0271,_0249,"249.OC_Lg1"
_0272,_0250,"250.OC_Th2"
_0273,_0251,"251.OC_Wm1"
_0274,_0252,"252.OC_ReadingReadToMeNTx.xr-liketoread"
_0275,_0253,"253.OC_ReadingReadToMeNTx.xr-liketoread"
_0276,_0254,"254.OC_Counting7To10_S2"
_0277,_0255,"255.OC_Counting7To10_S4"
_0279,_0256,"256.OC_Lg1"
_0280,_0257,"257.OC_Crdw"
_0281,_0258,"258.OC_Th2"
_0282,_0259,"259.OC_Mwyh1"
_0283,_0260,"260.OC_Hw2"
_0284,_0261,"261.OC_TalkingHead"
_0285,_0262,"262.OC_WordAudioRec"
_0286,_0263,"263.OC_WordVideoRec"
_0287,_0264,"264.OC_Hw2"
_0288,_0265,"265.OC_Sm3b"
_0289,_0266,"266.OC_Wm1"
_0290,_0267,"267.OC_ReadingReadToMeNTx.xr-temboumbrella"
_0291,_0268,"268.OC_ReadingReadToMeNTx.xr-temboumbrella"
_0292,_0269,"269.OC_Counting7To10_S4"
_0293,_0270,"270.OC_Counting7To10_S5"
_0295,_0271,"271.OC_Th2"
_0296,_0272,"272.OC_Sm2"
_0297,_0273,"273.OC_Mgp"
_0298,_0274,"274.OC_LetterTrace"
_0299,_0275,"275.OC_WordAudioRec"
_0300,_0276,"276.OC_Puzzle"
_0301,_0277,"277.OC_Hw1"
_0302,_0278,"278.OC_Grid33S"
_0303,_0279,"279.OC_TalkingHead"
_0304,_0280,"280.OC_Sm3a"
_0305,_0281,"281.OC_ReadingReadToMeNTx.xr-teeth"
_0306,_0282,"282.OC_ReadingReadToMeNTx.xr-teeth"
_0307,_0283,"283.OC_Counting7To10_S3"
_0308,_0284,"284.OC_Counting7To10_S6"
_0309,_0285,"285.OC_Counting7To10_S7"
_0311,_0286,"286.OC_Lg1"
_0312,_0287,"287.OC_LetterTrace"
_0313,_0288,"288.OC_Hw1"
_0314,_0289,"289.OC_Mgp"
_0315,_0290,"290.OC_LetterTrace"
_0316,_0291,"291.OC_WordAudioRec"
_0317,_0292,"292.OC_Puzzle"
_0318,_0293,"293.OC_Hw1"
_0319,_0294,"294.OC_Sm3a"
_0320,_0295,"295.OC_Lg1"
_0321,_0296,"296.OC_ReadingReadToMeNTx.xr-manwhosneezedloudly"
_0322,_0297,"297.OC_ReadingReadToMeNTx.xr-manwhosneezedloudly"
_0323,_0298,"298.OC_Numbers1To10_S1"
_0324,_0299,"299.OC_Numbers1To10_S2"
_0325,_0300,"300.OC_Numbers1To10_S3"
_0328,_0301,"301.OC_Crdw"
_0329,_0302,"302.OC_Th2"
_0330,_0303,"303.OC_LetterTrace"
_0331,_0304,"304.OC_Hw1"
_0332,_0305,"305.OC_Mgp"
_0333,_0306,"306.OC_LetterTrace"
_0334,_0307,"307.OC_WordAudioRec"
_0335,_0308,"308.OC_Puzzle"
_0336,_0309,"309.OC_Hw1"
_0337,_0310,"310.OC_Sm3a"
_0338,_0311,"311.OC_Lg1"
_0339,_0312,"312.OC_ReadingReadToMeNTx.xr-jadavforest"
_0340,_0313,"313.OC_ReadingReadToMeNTx.xr-jadavforest"
_0341,_0314,"314.OC_Numbers1To10_S1"
_0342,_0315,"315.OC_Numbers1To10_S4"
_0344,_0316,"316.OC_Th2"
_0345,_0317,"317.OC_Sm2"
_0346,_0318,"318.OC_Lg1"
_0347,_0319,"319.OC_LetterTrace"
_0348,_0320,"320.OC_Hw1"
_0349,_0321,"321.OC_Hw1"
_0350,_0322,"322.OC_Hw1"
_0351,_0323,"323.OC_WordAudioRec"
_0352,_0324,"324.OC_Puzzle"
_0353,_0325,"325.OC_Lg1"
_0354,_0326,"326.OC_Sm3a"
_0355,_0327,"327.OC_ReadingReadToMeNTx.xr-thegame"
_0356,_0328,"328.OC_ReadingReadToMeNTx.xr-thegame"
_0357,_0329,"329.OC_Numbers1To10_S1"
_0358,_0330,"330.OC_Numbers1To10_S5"
_0360,_0331,"331.OC_Lg1"
_0361,_0332,"332.OC_MakeSylWord"
_0362,_0333,"333.OC_Mwyh1"
_0363,_0334,"334.OC_WordAudioRec"
_0364,_0335,"335.OC_WordVideoRec"
_0365,_0336,"336.OC_Crdw"
_0366,_0337,"337.OC_Hw2"
_0367,_0338,"338.OC_TalkingHead"
_0368,_0339,"339.OC_Th2"
_0369,_0340,"340.OC_Sm3b"
_0370,_0341,"341.OC_Wm1"
_0371,_0342,"342.OC_ReadingReadToMeNTx.xr-lostshoe"
_0372,_0343,"343.OC_ReadingReadToMeNTx.xr-lostshoe"
_0373,_0344,"344.OC_Numbers1To10_S1"
_0374,_0345,"345.OC_Numbers1To10_S6"
_0376,_0346,"346.OC_Mwyh1"
_0377,_0347,"347.OC_Lg1"
_0378,_0348,"348.OC_Crdw"
_0379,_0349,"349.OC_Hw2"
_0380,_0350,"350.OC_Th2"
_0381,_0351,"351.OC_WordAudioRec"
_0382,_0352,"352.OC_WordVideoRec"
_0383,_0353,"353.OC_Hw2"
_0384,_0354,"354.OC_WordAudioRec"
_0385,_0355,"355.OC_WordVideoRec"
_0386,_0356,"356.OC_Lg1"
_0387,_0357,"357.OC_ReadingReadToMeNTx.xr-ranisfirstday"
_0388,_0358,"358.OC_ReadingReadToMeNTx.xr-ranisfirstday"
_0389,_0359,"359.OC_Numbers1To10_S1"
_0390,_0360,"360.OC_Numbers1To10_S7"
_0395,_0361,"361.OC_OnsetAndRime"
_0396,_0362,"362.OC_Mgp"
_0397,_0363,"363.OC_LetterTrace"
_0398,_0364,"364.OC_WordAudioRec"
_0399,_0365,"365.OC_Puzzle"
_0400,_0366,"366.OC_Hw1"
_0401,_0367,"367.OC_Sm3a"
_0402,_0368,"368.OC_Pws1"
_0403,_0369,"369.OC_Lg1"
_0404,_0370,"370.OC_ReadingReadToMeNTx.xr-laughingmum"
_0405,_0371,"371.OC_ReadingReadToMeNTx.xr-laughingmum"
_0406,_0372,"372.OC_Numbers1To10_S2"
_0407,_0373,"373.OC_Numbers1To10_S3"
_0408,_0374,"374.OC_Lg3"
_0409,_0375,"375.OC_MissingNumbers"
_0411,_0376,"376.OC_Spell1"
_0412,_0377,"377.OC_Hw2"
_0413,_0378,"378.OC_Crdw"
_0414,_0379,"379.OC_LetterTrace"
_0415,_0380,"380.OC_Mgp"
_0416,_0381,"381.OC_LetterTrace"
_0417,_0382,"382.OC_WordAudioRec"
_0418,_0383,"383.OC_Puzzle"
_0419,_0384,"384.OC_Hw1"
_0420,_0385,"385.OC_Sm3a"
_0421,_0386,"386.OC_ReadingReadToMeNTx.xr-cooktogether"
_0422,_0387,"387.OC_ReadingReadToMeNTx.xr-cooktogether"
_0423,_0388,"388.OC_Numbers1To10_S4"
_0424,_0389,"389.OC_MissingNumbers"
_0425,_0390,"390.OC_MissingNumbers"
_0427,_0391,"391.OC_Pws1"
_0428,_0392,"392.OC_Spell1"
_0429,_0393,"393.OC_Hw2"
_0430,_0394,"394.OC_Lg1"
_0431,_0395,"395.OC_MakeSylWord"
_0432,_0396,"396.OC_Segblend3"
_0433,_0397,"397.OC_WordAudioRec"
_0434,_0398,"398.OC_Spell1"
_0435,_0399,"399.OC_Hw2"
_0436,_0400,"400.OC_ReadingReadToMeNTx.xr-ourclothes"
_0437,_0401,"401.OC_ReadingReadToMeNTx.xr-ourclothes"
_0438,_0402,"402.OC_Numbers1To10_S5"
_0439,_0403,"403.OC_AddTakeAway_S1"
_0440,_0404,"404.OC_AddTakeAway_S2"
_0441,_0405,"405.OC_Hw3"
_0443,_0406,"406.OC_Mgp"
_0444,_0407,"407.OC_Hw1"
_0445,_0408,"408.OC_WordAudioRec"
_0446,_0409,"409.OC_MakeSylWord"
_0447,_0410,"410.OC_Lg1"
_0448,_0411,"411.OC_Segblend3"
_0449,_0412,"412.OC_WordAudioRec"
_0450,_0413,"413.OC_OnsetAndRime"
_0451,_0414,"414.OC_WordVideoRec"
_0452,_0415,"415.OC_Spell1"
_0453,_0416,"416.OC_Hw2"
_0454,_0417,"417.OC_ReadingReadToMeNTx.xr-pendocow"
_0455,_0418,"418.OC_ReadingReadToMeNTx.xr-pendocow"
_0456,_0419,"419.OC_AddTakeAway_S3"
_0457,_0420,"420.OC_AddTakeAway_S4"
_0460,_0421,"421.OC_Lg1"
_0461,_0422,"422.OC_Th2"
_0462,_0423,"423.OC_Mwyh1"
_0463,_0424,"424.OC_Wm1"
_0464,_0425,"425.OC_Pws3"
_0465,_0426,"426.OC_Mgp"
_0466,_0427,"427.OC_LetterTrace"
_0467,_0428,"428.OC_WordAudioRec"
_0468,_0429,"429.OC_Puzzle"
_0469,_0430,"430.OC_Hw1"
_0470,_0431,"431.OC_Sm3a"
_0471,_0432,"432.OC_ReadingReadToMeNTx.xr-coloursoftherainbow"
_0472,_0433,"433.OC_ReadingReadToMeNTx.xr-coloursoftherainbow"
_0473,_0434,"434.OC_AddTakeAway_S3"
_0474,_0435,"435.OC_AddTakeAway_S4"
_0476,_0436,"436.OC_LetterTrace"
_0477,_0437,"437.OC_Crdw"
_0478,_0438,"438.OC_Segblend3"
_0479,_0439,"439.OC_Mgp"
_0480,_0440,"440.OC_LetterTrace"
_0481,_0441,"441.OC_WordAudioRec"
_0482,_0442,"442.OC_Puzzle"
_0483,_0443,"443.OC_Hw1"
_0484,_0444,"444.OC_Sm3a"
_0485,_0445,"445.OC_ReadingReadToMeNTx.xr-inthemarket"
_0486,_0446,"446.OC_ReadingReadToMeNTx.xr-inthemarket"
_0487,_0447,"447.OC_AddTakeAway_S5"
_0488,_0448,"448.OC_AddTakeAway_S6"
_0489,_0449,"449.OC_Lg3"
_0490,_0450,"450.OC_MissingNumbers"
_0492,_0451,"451.OC_LetterTrace"
_0493,_0452,"452.OC_OnsetAndRime"
_0494,_0453,"453.OC_Spell2"
_0495,_0454,"454.OC_Hw2"
_0496,_0455,"455.OC_Mgp"
_0497,_0456,"456.OC_LetterTrace"
_0498,_0457,"457.OC_WordAudioRec"
_0499,_0458,"458.OC_Puzzle"
_0500,_0459,"459.OC_Hw1"
_0501,_0460,"460.OC_Sm3a"
_0502,_0461,"461.OC_ReadingReadToMeNTx.xr-verybusyday"
_0503,_0462,"462.OC_ReadingReadToMeNTx.xr-verybusyday"
_0504,_0463,"463.OC_AddTakeAway_S7"
_0505,_0464,"464.OC_Cwys1"
_0506,_0465,"465.OC_MissingNumbers"
_0508,_0466,"466.OC_Lg1"
_0509,_0467,"467.OC_MakeSylWord"
_0510,_0468,"468.OC_Segblend3"
_0511,_0469,"469.OC_Mwyh1"
_0512,_0470,"470.OC_WordAudioRec"
_0513,_0471,"471.OC_WordVideoRec"
_0514,_0472,"472.OC_Spell2"
_0515,_0473,"473.OC_Hw2"
_0516,_0474,"474.OC_TalkingHead"
_0517,_0475,"475.OC_Sm3c"
_0518,_0476,"476.OC_Wm1"
_0519,_0477,"477.OC_ReadingReadToMeNTx.xr-favouritefriend"
_0520,_0478,"478.OC_ReadingReadToMeNTx.xr-favouritefriend"
_0521,_0479,"479.OC_AddTakeAway_S4"
_0522,_0480,"480.OC_AddTakeAway_S5"
_0525,_0481,"481.OC_Lg1"
_0526,_0482,"482.OC_Crdw"
_0527,_0483,"483.OC_Pws3"
_0528,_0484,"484.OC_Mgp"
_0529,_0485,"485.OC_LetterTrace"
_0530,_0486,"486.OC_WordAudioRec"
_0531,_0487,"487.OC_Puzzle"
_0532,_0488,"488.OC_Hw1"
_0533,_0489,"489.OC_Sm3a"
_0534,_0490,"490.OC_TalkingHead"
_0535,_0491,"491.OC_ReadingReadToMeNTx.xr-amazingdaisy"
_0536,_0492,"492.OC_ReadingReadToMeNTx.xr-amazingdaisy"
_0537,_0493,"493.OC_Count20_S1"
_0538,_0494,"494.OC_Count20_S2"
_0539,_0495,"495.OC_CountingPractice"
_0541,_0496,"496.OC_MakeSylWord"
_0542,_0497,"497.OC_Segblend3"
_0543,_0498,"498.OC_Mwyh1"
_0544,_0499,"499.OC_WordAudioRec"
_0545,_0500,"500.OC_Mgp"
_0546,_0501,"501.OC_Segblend3"
_0547,_0502,"502.OC_WordAudioRec"
_0548,_0503,"503.OC_Lg1"
_0549,_0504,"504.OC_Spell1"
_0550,_0505,"505.OC_Hw2"
_0551,_0506,"506.OC_ReadingReadToMeNTx.xr-penguinshome"
_0552,_0507,"507.OC_ReadingReadToMeNTx.xr-penguinshome"
_0553,_0508,"508.OC_Count20_S3"
_0554,_0509,"509.OC_CountingPractice"
_0555,_0510,"510.OC_Cwys1"
_0558,_0511,"511.OC_Crdw"
_0559,_0512,"512.OC_Pws1"
_0560,_0513,"513.OC_Spell2"
_0561,_0514,"514.OC_Hw2"
_0562,_0515,"515.OC_Mgp"
_0563,_0516,"516.OC_LetterTrace"
_0564,_0517,"517.OC_WordAudioRec"
_0565,_0518,"518.OC_Puzzle"
_0566,_0519,"519.OC_Hw1"
_0567,_0520,"520.OC_Sm3a"
_0568,_0521,"521.OC_ReadingReadToMeNTx.xr-housemouse"
_0569,_0522,"522.OC_ReadingReadToMeNTx.xr-housemouse"
_0570,_0523,"523.OC_Count20_S4"
_0571,_0524,"524.OC_Cwys1"
_0572,_0525,"525.OC_CountingPractice"
_0574,_0526,"526.OC_MakeSylWord"
_0575,_0527,"527.OC_Segblend3"
_0576,_0528,"528.OC_Mwyh1"
_0577,_0529,"529.OC_WordAudioRec"
_0578,_0530,"530.OC_Spell2"
_0579,_0531,"531.OC_Hw2"
_0580,_0532,"532.OC_Mgp"
_0581,_0533,"533.OC_Segblend3"
_0582,_0534,"534.OC_Mwyh1"
_0583,_0535,"535.OC_WordAudioRec"
_0584,_0536,"536.OC_ReadingReadToMeNTx.xr-hippodance"
_0585,_0537,"537.OC_ReadingReadToMeNTx.xr-hippodance"
_0586,_0538,"538.OC_Count20_S5"
_0587,_0539,"539.OC_Lg3"
_0588,_0540,"540.OC_MissingNumbers"
_0592,_0541,"541.OC_Pws1"
_0593,_0542,"542.OC_OnsetAndRime"
_0594,_0543,"543.OC_Lg1"
_0595,_0544,"544.OC_WordAudioRec"
_0596,_0545,"545.OC_Spell2"
_0597,_0546,"546.OC_Hw2"
_0598,_0547,"547.OC_Mgp"
_0599,_0548,"548.OC_Hw1"
_0600,_0549,"549.OC_Segblend3"
_0601,_0550,"550.OC_Mwyh1"
_0602,_0551,"551.OC_ReadingReadToMeNTx.xr-colours"
_0603,_0552,"552.OC_ReadingReadToMeNTx.xr-colours"
_0604,_0553,"553.OC_Count20_S1"
_0605,_0554,"554.OC_Count20_S6"
_0606,_0555,"555.OC_MissingNumbers"
_0608,_0556,"556.OC_Lg1"
_0610,_0557,"557.OC_Pws1"
_0611,_0558,"558.OC_WordVideoRec"
_0612,_0559,"559.OC_Spell2"
_0613,_0560,"560.OC_Hw2"
_0614,_0561,"561.OC_Pws1"
_0615,_0562,"562.OC_WordVideoRec"
_0616,_0563,"563.OC_Th2"
_0617,_0564,"564.OC_Wm1"
_0618,_0565,"565.OC_Spell3"
_0619,_0566,"566.OC_Hw2"
_0620,_0567,"567.OC_ReadingReadToMeNTx.xr-counttheanimals"
_0621,_0568,"568.OC_ReadingReadToMeNTx.xr-counttheanimals"
_0622,_0569,"569.OC_MissingNumbers"
_0623,_0570,"570.OC_MissingNumbers"
_0625,_0571,"571.OC_Pws1"
_0626,_0572,"572.OC_Crdw"
_0627,_0573,"573.OC_Puzzle"
_0628,_0574,"574.OC_Segblend3"
_0629,_0575,"575.OC_Mwyh1"
_0630,_0576,"576.OC_Th2"
_0631,_0577,"577.OC_Sm3c"
_0632,_0578,"578.OC_WordVideoRec"
_0633,_0579,"579.OC_Spell3"
_0634,_0580,"580.OC_Hw2"
_0635,_0581,"581.OC_ReadingReadToMeNTx.xr-antanddove"
_0636,_0582,"582.OC_ReadingReadToMeNTx.xr-antanddove"
_0637,_0583,"583.OC_Cwys1"
_0638,_0584,"584.OC_CountingPractice"
_0639,_0585,"585.OC_MissingNumbers"
_0641,_0586,"586.OC_Pws1"
_0642,_0587,"587.OC_Lg1"
_0643,_0588,"588.OC_WordVideoRec"
_0644,_0589,"589.OC_Spell1"
_0645,_0590,"590.OC_Th2"
_0646,_0591,"591.OC_Pws1"
_0647,_0592,"592.OC_Crdw"
_0648,_0593,"593.OC_Puzzle"
_0649,_0594,"594.OC_Segblend3"
_0650,_0595,"595.OC_Mwyh1"
_0651,_0596,"596.OC_Spell2"
_0652,_0597,"597.OC_ReadingReadToMeNTx.xr-lostkey"
_0653,_0598,"598.OC_ReadingReadToMeNTx.xr-lostkey"
_0654,_0599,"599.OC_MissingNumbers"
_0655,_0600,"600.OC_Lg3"
_0658,_0601,"601.OC_Mgp"
_0659,_0602,"602.OC_LetterTrace"
_0660,_0603,"603.OC_WordAudioRec"
_0661,_0604,"604.OC_Puzzle"
_0662,_0605,"605.OC_MakeSylWord"
_0663,_0606,"606.OC_Segblend3"
_0664,_0607,"607.OC_Mwyh1"
_0665,_0608,"608.OC_WordAudioRec"
_0666,_0609,"609.OC_Spell1"
_0667,_0610,"610.OC_Hw2"
_0668,_0611,"611.OC_ReadingReadToMeNTx.xr-notafraid"
_0669,_0612,"612.OC_ReadingReadToMe.xr-notafraid"
_0670,_0613,"613.OC_Sharing_S1"
_0671,_0614,"614.OC_Sharing_S2"
_0672,_0615,"615.OC_MissingNumbers"
_0674,_0616,"616.OC_Mgp"
_0675,_0617,"617.OC_LetterTrace"
_0676,_0618,"618.OC_WordAudioRec"
_0677,_0619,"619.OC_Hw1"
_0678,_0620,"620.OC_MakeSylWord"
_0679,_0621,"621.OC_Segblend3"
_0680,_0622,"622.OC_Mwyh1"
_0681,_0623,"623.OC_WordAudioRec"
_0682,_0624,"624.OC_Spell2"
_0683,_0625,"625.OC_Hw2"
_0684,_0626,"626.OC_ReadingReadToMeNTx.xr-howantsaveddove"
_0685,_0627,"627.OC_ReadingReadToMeNTx.xr-howantsaveddove"
_0686,_0628,"628.OC_Sharing_S3"
_0687,_0629,"629.OC_Sharing_S1"
_0688,_0630,"630.OC_MissingNumbers"
_0690,_0631,"631.OC_Mgp"
_0691,_0632,"632.OC_LetterTrace"
_0692,_0633,"633.OC_WordAudioRec"
_0693,_0634,"634.OC_Hw1"
_0694,_0635,"635.OC_Pws1"
_0695,_0636,"636.OC_Lg1"
_0696,_0637,"637.OC_Spell2"
_0697,_0638,"638.OC_Hw2"
_0698,_0639,"639.OC_Sm3c"
_0699,_0640,"640.OC_Wm1"
_0700,_0641,"641.OC_ReadingReadToMeNTx.xr-rabbitsears"
_0701,_0642,"642.OC_ReadingReadToMeNTx.xr-rabbitsears"
_0702,_0643,"643.OC_CountMore_S1"
_0703,_0644,"644.OC_CountMore_S2"
_0704,_0645,"645.OC_MissingNumbers"
_0706,_0646,"646.OC_Lg1"
_0707,_0647,"647.OC_Pws1"
_0708,_0648,"648.OC_Crdw"
_0709,_0649,"649.OC_Segblend3"
_0710,_0650,"650.OC_Mwyh1"
_0711,_0651,"651.OC_WordVideoRec"
_0712,_0652,"652.OC_Th2"
_0713,_0653,"653.OC_Sm3c"
_0714,_0654,"654.OC_Spell3"
_0715,_0655,"655.OC_Hw2"
_0716,_0656,"656.OC_ReadingReadToMeNTx.xr-busy"
_0717,_0657,"657.OC_ReadingReadToMeNTx.xr-busy"
_0718,_0658,"658.OC_Cwys1"
_0719,_0659,"659.OC_CountMore_S3"
_0720,_0660,"660.OC_CountingPractice"
_0723,_0661,"661.OC_Mgp"
_0724,_0662,"662.OC_LetterTrace"
_0725,_0663,"663.OC_WordAudioRec"
_0726,_0664,"664.OC_Puzzle"
_0727,_0665,"665.OC_Hw1"
_0728,_0666,"666.OC_MakeSylWord"
_0729,_0667,"667.OC_Segblend3"
_0730,_0668,"668.OC_Mwyh1"
_0731,_0669,"669.OC_WordAudioRec"
_0732,_0670,"670.OC_Spell1"
_0733,_0671,"671.OC_Hw2"
_0734,_0672,"672.OC_ReadingReadToMeNTx.xr-lorydory"
_0735,_0673,"673.OC_ReadingReadToMeNTx.xr-lorydory"
_0736,_0674,"674.OC_CountMore_S4"
_0737,_0675,"675.OC_MissingNumbers"
_0739,_0676,"676.OC_Mgp"
_0740,_0677,"677.OC_LetterTrace"
_0741,_0678,"678.OC_WordAudioRec"
_0742,_0679,"679.OC_Puzzle"
_0743,_0680,"680.OC_Hw1"
_0744,_0681,"681.OC_MakeSylWord"
_0745,_0682,"682.OC_Segblend3"
_0746,_0683,"683.OC_Mwyh1"
_0747,_0684,"684.OC_WordAudioRec"
_0748,_0685,"685.OC_Spell1"
_0749,_0686,"686.OC_Hw2"
_0750,_0687,"687.OC_ReadingReadToMeNTx.xr-magurulegs"
_0751,_0688,"688.OC_ReadingReadToMeNTx.xr-magurulegs"
_0752,_0689,"689.OC_CountMore_S5"
_0753,_0690,"690.OC_CountingPractice"
_0755,_0691,"691.OC_Mgp"
_0756,_0692,"692.OC_LetterTrace"
_0757,_0693,"693.OC_WordAudioRec"
_0758,_0694,"694.OC_Hw1"
_0759,_0695,"695.OC_MakeSylWord"
_0760,_0696,"696.OC_Segblend3"
_0761,_0697,"697.OC_Mwyh1"
_0762,_0698,"698.OC_WordAudioRec"
_0763,_0699,"699.OC_Spell1"
_0764,_0700,"700.OC_Hw2"
_0765,_0701,"701.OC_ReadingReadToMeNTx.xr-mooncap"
_0766,_0702,"702.OC_ReadingReadToMeNTx.xr-mooncap"
_0767,_0703,"703.OC_CountMore_S6"
_0768,_0704,"704.OC_CountingPractice"
_0769,_0705,"705.OC_MissingNumbers"
_0771,_0706,"706.OC_Lg1"
_0772,_0707,"707.OC_Pws1"
_0773,_0708,"708.OC_Crdw"
_0774,_0709,"709.OC_Segblend3"
_0775,_0710,"710.OC_Mwyh1"
_0776,_0711,"711.OC_Sm3c"
_0777,_0712,"712.OC_WordVideoRec"
_0778,_0713,"713.OC_Spell3"
_0779,_0714,"714.OC_Hw2"
_0780,_0715,"715.OC_ReadingReadToMeNTx.xr-dalitsosdream"
_0781,_0716,"716.OC_ReadingReadToMeNTx.xr-dalitsosdream"
_0782,_0717,"717.OC_MissingNumbers"
_0783,_0718,"718.OC_MissingNumbers"
_0784,_0719,"719.OC_Hw3"
_0785,_0720,"720.OC_Lg3"
_0789,_0721,"721.OC_Mgp"
_0790,_0722,"722.OC_Segblend3"
_0791,_0723,"723.OC_Mwyh1"
_0792,_0724,"724.OC_Lg1"
_0793,_0725,"725.OC_ReadingReadToMeNTx.xr-ilovetherain"
_0794,_0726,"726.OC_ReadingReadToMeNTx.xr-ilovetherain"
_0795,_0727,"727.OC_Crdw"
_0796,_0728,"728.OC_Hw1"
_0797,_0729,"729.OC_Pws1"
_0798,_0730,"730.OC_Spell2"
_0799,_0731,"731.OC_Hw2"
_0800,_0732,"732.OC_SentenceRead"
_0801,_0733,"733.OC_Counting5and10_S1"
_0802,_0734,"734.OC_CountingPractice"
_0803,_0735,"735.OC_ReadingReadToMeNTx.xr-funwithpaint"
_0805,_0736,"736.OC_Mgp"
_0806,_0737,"737.OC_Segblend3"
_0807,_0738,"738.OC_Mwyh1"
_0808,_0739,"739.OC_Lg1"
_0809,_0740,"740.OC_ReadingReadToMeNTx.xr-noproblem"
_0810,_0741,"741.OC_ReadingReadToMeNTx.xr-noproblem"
_0811,_0742,"742.OC_Crdw"
_0812,_0743,"743.OC_Hw1"
_0813,_0744,"744.OC_Pws1"
_0814,_0745,"745.OC_Spell2"
_0815,_0746,"746.OC_Hw2"
_0816,_0747,"747.OC_SentenceRead"
_0817,_0748,"748.OC_Counting5and10_S1"
_0818,_0749,"749.OC_Counting5and10_S2"
_0819,_0750,"750.OC_Puzzle"
_0821,_0751,"751.OC_Mgp"
_0822,_0752,"752.OC_Segblend3"
_0823,_0753,"753.OC_Mwyh1"
_0824,_0754,"754.OC_Lg1"
_0825,_0755,"755.OC_ReadingReadToMeNTx.xr-hideandseek"
_0826,_0756,"756.OC_ReadingReadToMeNTx.xr-hideandseek"
_0827,_0757,"757.OC_Crdw"
_0828,_0758,"758.OC_Hw1"
_0829,_0759,"759.OC_Pws1"
_0830,_0760,"760.OC_Spell2"
_0831,_0761,"761.OC_Hw2"
_0832,_0762,"762.OC_SentenceRead"
_0833,_0763,"763.OC_Counting5and10_S2"
_0834,_0764,"764.OC_MissingNumbers"
_0835,_0765,"765.OC_ReadingReadToMeNTx.xr-lorydory"
_0837,_0766,"766.OC_Mgp"
_0838,_0767,"767.OC_Mwyh1"
_0839,_0768,"768.OC_Lg1"
_0840,_0769,"769.OC_ReadingReadToMeNTx.xr-notafraid"
_0841,_0770,"770.OC_ReadingReadToMeNTx.xr-notafraid"
_0842,_0771,"771.OC_Crdw"
_0843,_0772,"772.OC_Hw1"
_0844,_0773,"773.OC_SentenceRead"
_0845,_0774,"774.OC_Pws1"
_0846,_0775,"775.OC_Spell2"
_0847,_0776,"776.OC_Hw2"
_0848,_0777,"777.OC_Counting5and10_S3"
_0849,_0778,"778.OC_CountingPractice"
_0850,_0779,"779.OC_Puzzle"
_0851,_0780,"780.OC_ReadingReadToMeNTx.xr-amazingdaisy"
_0854,_0781,"781.OC_Mgp"
_0855,_0782,"782.OC_Mwyh1"
_0856,_0783,"783.OC_Lg1"
_0857,_0784,"784.OC_ReadingReadToMeNTx.xr-fatimasforestfriends"
_0858,_0785,"785.OC_ReadingReadToMeNTx.xr-fatimasforestfriends"
_0859,_0786,"786.OC_Crdw"
_0860,_0787,"787.OC_Hw1"
_0861,_0788,"788.OC_SentenceRead"
_0862,_0789,"789.OC_Pws1"
_0863,_0790,"790.OC_Spell2"
_0864,_0791,"791.OC_Hw2"
_0865,_0792,"792.OC_Lg3"
_0866,_0793,"793.OC_MissingNumbers"
_0867,_0794,"794.OC_Puzzle"
_0868,_0795,"795.OC_ReadingReadToMeNTx.xr-mooncap"
_0870,_0796,"796.OC_Mgp"
_0871,_0797,"797.OC_Segblend3"
_0872,_0798,"798.OC_Mwyh1"
_0873,_0799,"799.OC_Lg1"
_0874,_0800,"800.OC_ReadingReadToMeNTx.xr-bedtimestories"
_0875,_0801,"801.OC_ReadingReadToMeNTx.xr-bedtimestories"
_0876,_0802,"802.OC_Crdw"
_0877,_0803,"803.OC_SentenceRead"
_0878,_0804,"804.OC_Pws1"
_0879,_0805,"805.OC_Spell2"
_0880,_0806,"806.OC_Hw2"
_0881,_0807,"807.OC_TalkingHead"
_0882,_0808,"808.OC_Puzzle"
_0883,_0809,"809.OC_MissingNumbers"
_0884,_0810,"810.OC_ReadingReadToMeNTx.xr-birthdaysurprise"
_0886,_0811,"811.OC_VideoPlaybackStudy"
_0887,_0812,"812.OC_Mgp"
_0888,_0813,"813.OC_Mwyh1"
_0889,_0814,"814.OC_Lg1"
_0890,_0815,"815.OC_ReadingReadToMeNTx.xr-theloosetooth"
_0891,_0816,"816.OC_ReadingReadToMeNTx.xr-theloosetooth"
_0892,_0817,"817.OC_Crdw"
_0893,_0818,"818.OC_Pws1"
_0894,_0819,"819.OC_Spell2"
_0895,_0820,"820.OC_Hw2"
_0896,_0821,"821.OC_Counting5and10_S4"
_0897,_0822,"822.OC_CountingPractice"
_0898,_0823,"823.OC_Lg3"
_0899,_0824,"824.OC_Puzzle"
_0900,_0825,"825.OC_ReadingReadToMeNTx.xr-notafraid"
_0902,_0826,"826.OC_Mgp"
_0903,_0827,"827.OC_Hw1"
_0904,_0828,"828.OC_Mwyh1"
_0905,_0829,"829.OC_Lg1"
_0906,_0830,"830.OC_ReadingReadToMeNTx.xr-millipedesboots"
_0907,_0831,"831.OC_ReadingReadToMeNTx.xr-magurulegs"
_0908,_0832,"832.OC_Crdw"
_0909,_0833,"833.OC_Pws1"
_0910,_0834,"834.OC_Spell2"
_0911,_0835,"835.OC_Hw2"
_0912,_0836,"836.OC_SentenceRead"
_0913,_0837,"837.OC_Counting5and10_S4"
_0914,_0838,"838.OC_MissingNumbers"
_0915,_0839,"839.OC_Puzzle"
_0916,_0840,"840.OC_ReadingReadToMeNTx.xr-lostkey"
_0919,_0841,"841.OC_Mgp"
_0920,_0842,"842.OC_Hw1"
_0921,_0843,"843.OC_Mwyh1"
_0922,_0844,"844.OC_Lg1"
_0923,_0845,"845.OC_ReadingReadToMeNTx.xr-kitechase"
_0924,_0846,"846.OC_Crdw"
_0925,_0847,"847.OC_Pws1"
_0926,_0848,"848.OC_Spell2"
_0927,_0849,"849.OC_Hw2"
_0928,_0850,"850.OC_PhraseMake"
_0929,_0851,"851.OC_SentenceRead"
_0930,_0852,"852.OC_Puzzle"
_0931,_0853,"853.OC_CountingPractice"
_0932,_0854,"854.OC_Counting5and10_S5"
_0933,_0855,"855.OC_ReadingReadToMe.xr-averytallman"
_0935,_0856,"856.OC_Mgp"
_0936,_0857,"857.OC_Mwyh1"
_0937,_0858,"858.OC_Lg1"
_0938,_0859,"859.OC_ReadingReadToMeNTx.xr-inthemarket"
_0939,_0860,"860.OC_ReadingReadToMeNTx.xr-inthemarket"
_0940,_0861,"861.OC_Crdw"
_0941,_0862,"862.OC_Hw1"
_0942,_0863,"863.OC_Pws1"
_0943,_0864,"864.OC_Spell2"
_0944,_0865,"865.OC_Hw2"
_0945,_0866,"866.OC_SentenceRead"
_0946,_0867,"867.OC_Lg3"
_0947,_0868,"868.OC_MissingNumbers"
_0948,_0869,"869.OC_ReadingReadToMe.xr-thelostcows"
_0949,_0870,"870.OC_Puzzle"
_0951,_0871,"871.OC_Mgp"
_0952,_0872,"872.OC_Mwyh1"
_0953,_0873,"873.OC_Lg1"
_0954,_0874,"874.OC_ReadingReadToMeNTx.xr-greedymouse"
_0955,_0875,"875.OC_ReadingReadToMeNTx.xr-greedymouse"
_0956,_0876,"876.OC_Crdw"
_0957,_0877,"877.OC_Hw1"
_0958,_0878,"878.OC_Pws1"
_0959,_0879,"879.OC_Spell2"
_0960,_0880,"880.OC_Hw2"
_0961,_0881,"881.OC_Counting5and10_S5"
_0962,_0882,"882.OC_MissingNumbers"
_0963,_0883,"883.OC_Lg3"
_0964,_0884,"884.OC_Puzzle"
_0965,_0885,"885.OC_ReadingReadToMe.xr-ourfamily"
_0967,_0886,"886.OC_Mgp"
_0968,_0887,"887.OC_Mwyh1"
_0969,_0888,"888.OC_Lg1"
_0970,_0889,"889.OC_ReadingReadToMeNTx.xr-myjugglinggrandma"
_0971,_0890,"890.OC_ReadingReadToMeNTx.xr-myjugglinggrandma"
_0972,_0891,"891.OC_Crdw"
_0973,_0892,"892.OC_Hw1"
_0974,_0893,"893.OC_Pws1"
_0975,_0894,"894.OC_Spell2"
_0976,_0895,"895.OC_Hw2"
_0977,_0896,"896.OC_Lg3"
_0978,_0897,"897.OC_Counting5and10_S6"
_0979,_0898,"898.OC_OnsetAndRime"
_0980,_0899,"899.OC_Puzzle"
_0981,_0900,"900.OC_ReadingReadToMe.xr-someonelikeme"
_0984,_0901,"901.OC_Mgp"
_0985,_0902,"902.OC_Mwyh1"
_0986,_0903,"903.OC_Lg1"
_0987,_0904,"904.OC_ReadingReadToMeNTx.xr-windkiteme"
_0988,_0905,"905.OC_ReadingReadToMeNTx.xr-windkiteme"
_0989,_0906,"906.OC_Crdw"
_0990,_0907,"907.OC_Hw1"
_0991,_0908,"908.OC_Pws1"
_0992,_0909,"909.OC_Spell2"
_0993,_0910,"910.OC_Lg1"
_0994,_0911,"911.OC_Hw2"
_0995,_0912,"912.OC_Cwys1"
_0996,_0913,"913.OC_CountingPractice"
_0997,_0914,"914.OC_Puzzle"
_0998,_0915,"915.OC_ReadingReadToMe.xr-redball"
_1000,_0916,"916.OC_Puzzle"
_1001,_0917,"917.OC_Mgp"
_1002,_0918,"918.OC_Mwyh1"
_1003,_0919,"919.OC_Lg1"
_1004,_0920,"920.OC_ReadingReadToMeNTx.xr-antplan"
_1005,_0921,"921.OC_ReadingReadToMeNTx.xr-antplan"
_1006,_0922,"922.OC_Crdw"
_1007,_0923,"923.OC_Hw1"
_1008,_0924,"924.OC_Pws1"
_1009,_0925,"925.OC_Spell2"
_1010,_0926,"926.OC_Hw2"
_1011,_0927,"927.OC_CountingPractice"
_1012,_0928,"928.OC_MissingNumbers"
_1013,_0929,"929.OC_Puzzle"
_1014,_0930,"930.OC_ReadingReadToMe.xr-rain"
_1016,_0931,"931.OC_Mgp"
_1017,_0932,"932.OC_Mwyh1"
_1018,_0933,"933.OC_Lg1"
_1019,_0934,"934.OC_ReadingReadToMeNTx.xr-hideandseek"
_1020,_0935,"935.OC_ReadingReadToMeNTx.xr-hideandseek"
_1021,_0936,"936.OC_Crdw"
_1022,_0937,"937.OC_Hw1"
_1023,_0938,"938.OC_Pws1"
_1024,_0939,"939.OC_Spell2"
_1025,_0940,"940.OC_Hw2"
_1026,_0941,"941.OC_CountingPractice"
_1027,_0942,"942.OC_MissingNumbers"
_1028,_0943,"943.OC_Lg3"
_1029,_0944,"944.OC_Puzzle"
_1030,_0945,"945.OC_ReadingReadToMe.xr-laughingmum"
_1032,_0946,"946.OC_Lg1"
_1033,_0947,"947.OC_Mgp"
_1034,_0948,"948.OC_Mwyh1"
_1035,_0949,"949.OC_Lg1"
_1036,_0950,"950.OC_ReadingReadToMeNTx.xr-ralawantstofly"
_1037,_0951,"951.OC_ReadingReadToMeNTx.xr-ralawantstofly"
_1038,_0952,"952.OC_Crdw"
_1039,_0953,"953.OC_Hw1"
_1040,_0954,"954.OC_Pws1"
_1041,_0955,"955.OC_Spell2"
_1042,_0956,"956.OC_Hw2"
_1043,_0957,"957.OC_SentenceRead"
_1044,_0958,"958.OC_MissingNumbers"
_1045,_0959,"959.OC_Lg3"
_1046,_0960,"960.OC_ReadingReadToMe.xr-bestfriend"
_1049,_0961,"961.OC_Pws1"
_1050,_0962,"962.OC_Mwyh1"
_1051,_0963,"963.OC_PhraseMake"
_1052,_0964,"964.OC_ReadingReadToMeNTx.xr-thelostcows"
_1053,_0965,"965.OC_ReadingReadToMeNTx.xr-thelostcows"
_1054,_0966,"966.OC_Spell2"
_1055,_0967,"967.OC_TalkingHead"
_1056,_0968,"968.OC_Lg1"
_1057,_0969,"969.OC_Lg1"
_1058,_0970,"970.OC_Patterns_S1"
_1059,_0971,"971.OC_Patterns_S2"
_1060,_0972,"972.OC_Hw2"
_1061,_0973,"973.OC_SentenceRead"
_1062,_0974,"974.OC_Puzzle"
_1063,_0975,"975.OC_ReadingReadToMe.xr-littlesock"
_1065,_0976,"976.OC_Pws1"
_1066,_0977,"977.OC_Mwyh1"
_1067,_0978,"978.OC_SentenceMake"
_1068,_0979,"979.OC_Crdw"
_1069,_0980,"980.OC_ReadingReadToMeNTx.xr-tortoisefindsherhouse"
_1070,_0981,"981.OC_ReadingReadToMeNTx.xr-tortoisefindsherhouse"
_1071,_0982,"982.OC_Spell2"
_1072,_0983,"983.OC_TalkingHead"
_1073,_0984,"984.OC_ClozePhrase"
_1074,_0985,"985.OC_Lg1"
_1075,_0986,"986.OC_Patterns_S3"
_1076,_0987,"987.OC_Patterns_S4"
_1077,_0988,"988.OC_Hw2"
_1078,_0989,"989.OC_Puzzle"
_1079,_0990,"990.OC_ReadingReadToMe.xr-temboumbrella"
_1081,_0991,"991.OC_Crdw"
_1082,_0992,"992.OC_Pws1"
_1083,_0993,"993.OC_Mwyh1"
_1084,_0994,"994.OC_ReadingReadToMeNTx.xr-housemouse"
_1085,_0995,"995.OC_ReadingReadToMeNTx.xr-housemouse"
_1086,_0996,"996.OC_Spell2"
_1087,_0997,"997.OC_TalkingHead"
_1088,_0998,"998.OC_Lg1"
_1089,_0999,"999.OC_Lg1"
_1090,_1000,"1000.OC_Patterns_S5"
_1091,_1001,"1001.OC_Patterns_S6"
_1092,_1002,"1002.OC_Hw2"
_1093,_1003,"1003.OC_SentenceRead"
_1094,_1004,"1004.OC_Puzzle"
_1095,_1005,"1005.OC_ReadingReadToMe.xr-dayzoo"
_1097,_1006,"1006.OC_Pws1"
_1098,_1007,"1007.OC_Mwyh1"
_1099,_1008,"1008.OC_SentenceMake"
_1100,_1009,"1009.OC_Crdw"
_1101,_1010,"1010.OC_ReadingReadToMeNTx.xr-mycatrita"
_1102,_1011,"1011.OC_ReadingReadToMeNTx.xr-mycatrita"
_1103,_1012,"1012.OC_Spell2"
_1104,_1013,"1013.OC_TalkingHead"
_1105,_1014,"1014.OC_ClozePhrase"
_1106,_1015,"1015.OC_Lg1"
_1107,_1016,"1016.OC_Patterns_S7"
_1108,_1017,"1017.OC_Shapes_S1"
_1109,_1018,"1018.OC_Hw2"
_1110,_1019,"1019.OC_Puzzle"
_1111,_1020,"1020.OC_ReadingReadToMe.xr-cooktogether"
_1114,_1021,"1021.OC_Pws1"
_1115,_1022,"1022.OC_Mwyh1"
_1116,_1023,"1023.OC_ReadingReadToMeNTx.xr-whatischifundomaking"
_1117,_1024,"1024.OC_ReadingReadToMeNTx.xr-whatischifundomaking"
_1118,_1025,"1025.OC_Spell2"
_1119,_1026,"1026.OC_TalkingHead"
_1120,_1027,"1027.OC_Lg1"
_1121,_1028,"1028.OC_Lg1"
_1122,_1029,"1029.OC_Shapes_S2"
_1123,_1030,"1030.OC_Shapes_S3"
_1124,_1031,"1031.OC_Shapes_S4"
_1125,_1032,"1032.OC_Hw2"
_1126,_1033,"1033.OC_SentenceRead"
_1127,_1034,"1034.OC_Puzzle"
_1128,_1035,"1035.OC_ReadingReadToMe.xr-millipedesboots"
_1130,_1036,"1036.OC_Pws1"
_1131,_1037,"1037.OC_Mwyh1"
_1132,_1038,"1038.OC_SentenceMake"
_1133,_1039,"1039.OC_Crdw"
_1134,_1040,"1040.OC_ReadingReadToMeNTx.xr-penguinshome"
_1135,_1041,"1041.OC_ReadingReadToMeNTx.xr-penguinshome"
_1136,_1042,"1042.OC_Spell2"
_1137,_1043,"1043.OC_TalkingHead"
_1138,_1044,"1044.OC_ClozePhrase"
_1139,_1045,"1045.OC_Lg1"
_1140,_1046,"1046.OC_AddSubtract_S1"
_1141,_1047,"1047.OC_MoreAddSubtract_S1"
_1142,_1048,"1048.OC_Hw2"
_1143,_1049,"1049.OC_Puzzle"
_1144,_1050,"1050.OC_ReadingReadToMe.xr-football"
_1146,_1051,"1051.OC_VideoPlaybackStudy"
_1147,_1052,"1052.OC_Pws1"
_1148,_1053,"1053.OC_Mwyh1"
_1149,_1054,"1054.OC_ReadingReadToMeNTx.xr-tortoisefindsherhouse"
_1150,_1055,"1055.OC_ReadingReadToMeNTx.xr-tortoisefindsherhouse"
_1151,_1056,"1056.OC_Crdw"
_1152,_1057,"1057.OC_Spell2"
_1153,_1058,"1058.OC_Lg1"
_1154,_1059,"1059.OC_Lg1"
_1155,_1060,"1060.OC_MoreAddSubtract_S2a"
_1156,_1061,"1061.OC_MoreAddSubtract_S2k"
_1157,_1062,"1062.OC_Hw2"
_1158,_1063,"1063.OC_SentenceRead"
_1159,_1064,"1064.OC_Puzzle"
_1160,_1065,"1065.OC_ReadingReadToMe.xr-funwithpaint"
_1162,_1066,"1066.OC_Pws1"
_1163,_1067,"1067.OC_Mwyh1"
_1164,_1068,"1068.OC_SentenceMake"
_1165,_1069,"1069.OC_Crdw"
_1166,_1070,"1070.OC_ReadingReadToMeNTx.xr-howantsaveddove"
_1167,_1071,"1071.OC_ReadingReadToMeNTx.xr-howantsaveddove"
_1168,_1072,"1072.OC_Spell2"
_1169,_1073,"1073.OC_TalkingHead"
_1170,_1074,"1074.OC_ClozePhrase"
_1171,_1075,"1075.OC_Lg1"
_1172,_1076,"1076.OC_AddSubtract_S2"
_1173,_1077,"1077.OC_MoreAddSubtract_S3a"
_1174,_1078,"1078.OC_Hw2"
_1175,_1079,"1079.OC_Puzzle"
_1176,_1080,"1080.OC_ReadingReadToMe.xr-teeth"
