_0001,_0001,"1.OC_ReadingReadToMe.xr-averytallman"
_0002,_0002,"2.OC_ReadingReadToMe.xr-allthethings"
_0003,_0003,"3.OC_ReadingReadToMe.xr-drawingmyworld"
_0004,_0004,"4.OC_ReadingReadToMe.xr-football"
_0005,_0005,"5.OC_ReadingReadToMe.xr-liketoread"
_0006,_0006,"6.OC_ReadingReadToMe.xr-inthemarket"
_0007,_0007,"7.OC_ReadingReadToMe.xr-jadavforest"
_0008,_0008,"8.OC_ReadingReadToMe.xr-laughingmum"
_0009,_0009,"9.OC_ReadingReadToMe.xr-cooktogether"
_0010,_0010,"10.OC_ReadingReadToMe.xr-littlesock"
_0011,_0011,"11.OC_ReadingReadToMe.xr-malookaloo"
_0012,_0012,"12.OC_ReadingReadToMe.xr-millipedesboots"
_0013,_0013,"13.OC_ReadingReadToMe.xr-temboumbrella"
_0014,_0014,"14.OC_ReadingReadToMe.xr-bestfriend"
_0015,_0015,"15.OC_ReadingReadToMe.xr-mydogmax"
_0016,_0016,"16.OC_ReadingReadToMe.xr-myfriends"
_0017,_0017,"17.OC_ReadingReadToMe.xr-myfriendsandme"
_0018,_0018,"18.OC_ReadingReadToMe.xr-myhome"
_0019,_0019,"19.OC_ReadingReadToMe.xr-redball"
_0020,_0020,"20.OC_ReadingReadToMe.xr-ourclothes"
_0021,_0021,"21.OC_ReadingReadToMe.xr-dayzoo"
_0022,_0022,"22.OC_ReadingReadToMe.xr-ourfamily"
_0023,_0023,"23.OC_ReadingReadToMe.xr-pendocow"
_0024,_0024,"24.OC_ReadingReadToMe.xr-rain"
_0025,_0025,"25.OC_ReadingReadToMe.xr-ranisfirstday"
_0026,_0026,"26.OC_ReadingReadToMe.xr-someonelikeme"
_0027,_0027,"27.OC_ReadingReadToMe.xr-teeth"
_0028,_0028,"28.OC_ReadingReadToMe.xr-coloursoftherainbow"
_0029,_0029,"29.OC_ReadingReadToMe.xr-thegame"
_0030,_0030,"30.OC_ReadingReadToMe.xr-thelostcows"
_0031,_0031,"31.OC_ReadingReadToMe.xr-lostshoe"
_0032,_0032,"32.OC_ReadingReadToMe.xr-manwhosneezedloudly"
_0033,_0033,"33.OC_ReadingReadToMe.xr-funwithpaint"
_0034,_0034,"34.OC_ReadingReadToMe.xr-wheremax"
_0035,_0035,"35.OC_ReadingReadToMe.xr-wherecake"
_0036,_0036,"36.OC_ReadingReadToMe.xr-housemouse"
_0037,_0037,"37.OC_ReadingReadToMe.xr-verybusyday"
_0038,_0038,"38.OC_ReadingReadToMe.xr-averyhotday"
_0039,_0039,"39.OC_ReadingReadToMe.xr-amazingdaisy"
_0040,_0040,"40.OC_ReadingReadToMe.xr-antanddove"
_0041,_0041,"41.OC_ReadingReadToMe.xr-bedtimestories"
_0042,_0042,"42.OC_ReadingReadToMe.xr-busy"
_0043,_0043,"43.OC_ReadingReadToMe.xr-colours"
_0044,_0044,"44.OC_ReadingReadToMe.xr-counttheanimals"
_0045,_0045,"45.OC_ReadingReadToMe.xr-dalitsosdream"
_0046,_0046,"46.OC_ReadingReadToMe.xr-fatimasforestfriends"
_0047,_0047,"47.OC_ReadingReadToMe.xr-hideandseek"
_0048,_0048,"48.OC_ReadingReadToMe.xr-hippodance"
_0049,_0049,"49.OC_ReadingReadToMe.xr-howantsaveddove"
_0050,_0050,"50.OC_ReadingReadToMe.xr-notafraid"
_0051,_0051,"51.OC_ReadingReadToMe.xr-ilovetherain"
_0052,_0052,"52.OC_ReadingReadToMe.xr-keepyourpromise"
_0053,_0053,"53.OC_ReadingReadToMe.xr-lorydory"
_0054,_0054,"54.OC_ReadingReadToMe.xr-magurulegs"
_0055,_0055,"55.OC_ReadingReadToMe.xr-myjugglinggrandma"
_0056,_0056,"56.OC_ReadingReadToMe.xr-noproblem"
_0057,_0057,"57.OC_ReadingReadToMe.xr-favouritefriend"
_0058,_0058,"58.OC_ReadingReadToMe.xr-rabbitsears"
_0059,_0059,"59.OC_ReadingReadToMe.xr-simonsavestheday"
_0060,_0060,"60.OC_ReadingReadToMe.xr-greedymouse"
_0061,_0061,"61.OC_ReadingReadToMe.xr-theloosetooth"
_0062,_0062,"62.OC_ReadingReadToMe.xr-lostkey"
_0063,_0063,"63.OC_ReadingReadToMe.xr-mooncap"
_0064,_0064,"64.OC_ReadingReadToMe.xr-penguinshome"
_0065,_0065,"65.OC_ReadingReadToMe.xr-windkiteme"
_0066,_0066,"66.OC_ReadingIRead.xr-annasnewshoes"
_0067,_0067,"67.OC_ReadingIRead.xr-avanipea"
_0068,_0068,"68.OC_ReadingIRead.xr-bheemawakeup"
_0069,_0069,"69.OC_ReadingIRead.xr-chifundoandadila"
_0070,_0070,"70.OC_ReadingIRead.xr-elephantstrunk"
_0071,_0071,"71.OC_ReadingIRead.xr-foxyjoxyplaysatrick"
_0072,_0072,"72.OC_ReadingIRead.xr-kesiscabbages"
_0073,_0073,"73.OC_ReadingIRead.xr-hello"
_0074,_0074,"74.OC_ReadingIRead.xr-kalpanasbike"
_0075,_0075,"75.OC_ReadingIRead.xr-laratheladybird"
_0076,_0076,"76.OC_ReadingIRead.xr-letsbuildahome"
_0077,_0077,"77.OC_ReadingIRead.xr-antplan"
_0078,_0078,"78.OC_ReadingIRead.xr-littlebird"
_0079,_0079,"79.OC_ReadingIRead.xr-malusiasksquestions"
_0080,_0080,"80.OC_ReadingIRead.xr-manufindsafriend"
_0081,_0081,"81.OC_ReadingIRead.xr-mojagoesshopping"
_0082,_0082,"82.OC_ReadingIRead.xr-mycatrita"
_0083,_0083,"83.OC_ReadingIRead.xr-nothingtofear"
_0084,_0084,"84.OC_ReadingIRead.xr-ralawantstofly"
_0085,_0085,"85.OC_ReadingIRead.xr-ranivikram"
_0086,_0086,"86.OC_ReadingIRead.xr-samwallet"
_0087,_0087,"87.OC_ReadingIRead.xr-samirbox"
_0088,_0088,"88.OC_ReadingIRead.xr-sammyssmile"
_0089,_0089,"89.OC_ReadingIRead.xr-sleepymrsloth"
_0090,_0090,"90.OC_ReadingIRead.xr-sniffle"
_0091,_0091,"91.OC_ReadingIRead.xr-sparrowandsnake"
_0092,_0092,"92.OC_ReadingIRead.xr-beautifulkite"
_0093,_0093,"93.OC_ReadingIRead.xr-bestthingever"
_0094,_0094,"94.OC_ReadingIRead.xr-bustotown"
_0095,_0095,"95.OC_ReadingIRead.xr-littlechef"
_0096,_0096,"96.OC_ReadingIRead.xr-waybackhome"
_0097,_0097,"97.OC_ReadingIRead.xr-tortoisefindsherhouse"
_0098,_0098,"98.OC_ReadingIRead.xr-unasmellybeast"
_0099,_0099,"99.OC_ReadingIRead.xr-waitingfortaxi"
_0100,_0100,"100.OC_ReadingIRead.xr-whatischifundomaking"
_0101,_0101,"101.OC_ReadingIRead.xr-wherearetheyhiding"
_0102,_0102,"102.OC_ReadingIRead.xr-whereisgogo"
_0103,_0103,"103.OC_ReadingIRead.xr-whoisawakeatnight"
_0104,_0104,"104.OC_ReadingIRead.xr-whyspidershavelonglegs"
_0105,_0105,"105.OC_ReadingIRead.xr-zamaisastar"
_0106,_0106,"106.OC_ReadingIRead.xr-dancerstale"
_0107,_0107,"107.OC_ReadingIRead.xr-tinyseed"
_0108,_0108,"108.OC_ReadingIRead.xr-allaroundafrica"
_0109,_0109,"109.OC_ReadingIRead.xr-aminasmat"
_0110,_0110,"110.OC_ReadingIRead.xr-anansiandvulture"
_0111,_0111,"111.OC_ReadingIRead.xr-annoyingmosquito"
_0112,_0112,"112.OC_ReadingIRead.xr-bathtimesafari"
_0113,_0113,"113.OC_ReadingIRead.xr-carefulwhatyouwish"
_0114,_0114,"114.OC_ReadingIRead.xr-busylittlemillipede"
_0115,_0115,"115.OC_ReadingIRead.xr-catsratsantseagles"
_0116,_0116,"116.OC_ReadingIRead.xr-foxandrooster"
_0117,_0117,"117.OC_ReadingIRead.xr-futuretailor"
_0118,_0118,"118.OC_ReadingIRead.xr-gerilearnstolaugh"
_0119,_0119,"119.OC_ReadingIRead.xr-grandmastory"
_0120,_0120,"120.OC_ReadingIRead.xr-greedygeorge"
_0121,_0121,"121.OC_ReadingIRead.xr-helpinggrandma"
_0122,_0122,"122.OC_ReadingIRead.xr-holidayswithgrandma"
_0123,_0123,"123.OC_ReadingIRead.xr-howhippolosthishair"
_0124,_0124,"124.OC_ReadingIRead.xr-opiobroughtthenight"
_0125,_0125,"125.OC_ReadingIRead.xr-howtomakeahome"
_0126,_0126,"126.OC_ReadingIRead.xr-keeperanimals"
_0127,_0127,"127.OC_ReadingIRead.xr-kingliongetssick"
_0128,_0128,"128.OC_ReadingIRead.xr-learningtobekind"
_0129,_0129,"129.OC_ReadingIRead.xr-lindiselephant"
_0130,_0130,"130.OC_ReadingIRead.xr-listeningtoourbodies"
_0131,_0131,"131.OC_ReadingIRead.xr-litterbug"
_0132,_0132,"132.OC_ReadingIRead.xr-marvellousmoustaches"
_0133,_0133,"133.OC_ReadingIRead.xr-mytriptothecity"
_0134,_0134,"134.OC_ReadingIRead.xr-nanasbananas"
_0135,_0135,"135.OC_ReadingIRead.xr-natabostreasurepot"
_0136,_0136,"136.OC_ReadingIRead.xr-paperplay"
_0137,_0137,"137.OC_ReadingIRead.xr-parnascalf"
_0138,_0138,"138.OC_ReadingIRead.xr-queenofthebirds"
_0139,_0139,"139.OC_ReadingIRead.xr-savedbythestorm"
_0140,_0140,"140.OC_ReadingIRead.xr-searchingforspring"
_0141,_0141,"141.OC_ReadingIRead.xr-senzosnoisyday"
_0142,_0142,"142.OC_ReadingIRead.xr-shantissmile"
_0143,_0143,"143.OC_ReadingIRead.xr-sindiandthemoon"
_0144,_0144,"144.OC_ReadingIRead.xr-singingthecowshome"
_0145,_0145,"145.OC_ReadingIRead.xr-sistertricks"
_0146,_0146,"146.OC_ReadingIRead.xr-smallbird"
_0147,_0147,"147.OC_ReadingIRead.xr-whenitrains"
_0148,_0148,"148.OC_ReadingIRead.xr-spectacularspectacles"
_0149,_0149,"149.OC_ReadingIRead.xr-speedysatya"
_0150,_0150,"150.OC_ReadingIRead.xr-squirreloverboard"
_0151,_0151,"151.OC_ReadingIRead.xr-stronglittleant"
_0152,_0152,"152.OC_ReadingIRead.xr-truthbridge"
_0153,_0153,"153.OC_ReadingIRead.xr-dreaminthebox"
_0154,_0154,"154.OC_ReadingIRead.xr-thegiantandthesong"
_0155,_0155,"155.OC_ReadingIRead.xr-goatthatatesthespinach"
_0156,_0156,"156.OC_ReadingIRead.xr-lostegg"
_0157,_0157,"157.OC_ReadingIRead.xr-lostlaugh"
_0158,_0158,"158.OC_ReadingIRead.xr-naughtyspinningtop"
_0159,_0159,"159.OC_ReadingIRead.xr-redraincoat"
_0160,_0160,"160.OC_ReadingIRead.xr-troublewithtricks"
_0161,_0161,"161.OC_ReadingIRead.xr-veeruscircus"
_0162,_0162,"162.OC_ReadingIRead.xr-goingintospace"
_0163,_0163,"163.OC_ReadingIRead.xr-whathappenedtotheshawl"
_0164,_0164,"164.OC_ReadingIRead.xr-whatif"
_0165,_0165,"165.OC_ReadingIRead.xr-sunwentaway"
_0166,_0166,"166.OC_ReadingIRead.xr-grandmasglasses"
_0167,_0167,"167.OC_ReadingIRead.xr-whowillbechief"
_0168,_0168,"168.OC_ReadingIRead.xr-whyangryakku"
_0169,_0169,"169.OC_ReadingIRead.xr-sunandmoonliveinsky"
_0170,_0170,"170.OC_ReadingIRead.xr-zanelesitu"
_0171,_0171,"171.OC_ReadingIRead.xr-cawcawsaurus"
_0172,_0172,"172.OC_ReadingIRead.xr-chikondiandthechickens"
_0173,_0173,"173.OC_ReadingIRead.xr-gracasdream"
_0174,_0174,"174.OC_ReadingIRead.xr-grow"
_0175,_0175,"175.OC_ReadingIRead.xr-helpfulhana"
_0176,_0176,"176.OC_ReadingIRead.xr-importantjobs"
_0177,_0177,"177.OC_ReadingIRead.xr-lionessostrich"
_0178,_0178,"178.OC_ReadingIRead.xr-littlejojo"
_0179,_0179,"179.OC_ReadingIRead.xr-lucaandheron"
_0180,_0180,"180.OC_ReadingIRead.xr-monkeyanddrought"
_0181,_0181,"181.OC_ReadingIRead.xr-springloaded"
_0182,_0182,"182.OC_ReadingIRead.xr-flyingtshirt"
_0183,_0183,"183.OC_ReadingIRead.xr-sea"
_0184,_0184,"184.OC_ReadingIRead.xr-togetherstrong"
_0185,_0185,"185.OC_ReadingIRead.xr-whatdalitsofound"
_0186,_0186,"186.OC_ReadingIRead.xr-zadieseesnumbers"
